Category,Bedrooms,Bathrooms,SUVs,Cars,Garages,Domestic Help Rooms,Age of House,House Area,Price
Premium,2.0,1.0,1.0,1.0,2.0,,15.0,1260.0,16072000.0
Luxury,4.0,3.0,2.0,1.0,3.0,3.0,,2400.0,32674000.0
Luxury,3.0,2.0,,1.0,3.0,1.0,0.0,2060.0,29660000.0
Ultra Luxury,6.0,5.0,3.0,2.0,5.0,2.0,2.0,3880.0,71862000.0
Economy,1.0,1.0,0.0,,1.0,1.0,-1.0,310.0,3485000.0
Economy,1.0,,0.0,1.0,1.0,1.0,2.0,330.0,3326000.0
Luxury,3.0,,2.0,1.0,3.0,2.0,-2.0,1880.0,18459000.0
Premium,2.0,,1.0,1.0,2.0,2.0,5.0,1230.0,12957000.0
Premium,3.0,2.0,,1.0,2.0,1.0,10.0,,21836000.0
Economy,1.0,1.0,0.0,1.0,1.0,1.0,2.0,360.0,3151000.0
Premium,2.0,1.0,1.0,1.0,2.0,2.0,12.0,1200.0,16713000.0
Economy,1.0,,0.0,1.0,1.0,1.0,-2.0,360.0,4359000.0
Economy,1.0,2.0,0.0,1.0,1.0,1.0,8.0,330.0,3605000.0
Premium,3.0,2.0,1.0,1.0,2.0,2.0,5.0,1500.0,20637000.0
Premium,3.0,3.0,1.0,1.0,2.0,2.0,15.0,,29162000.0
Premium,3.0,2.0,1.0,1.0,2.0,2.0,,1550.0,23204000.0
Premium,2.0,1.0,1.0,1.0,2.0,2.0,5.0,1090.0,21680000.0
Ultra Luxury,6.0,5.0,3.0,1.0,4.0,3.0,10.0,4230.0,84320000.0
Economy,1.0,1.0,0.0,1.0,1.0,1.0,12.0,380.0,3572000.0
Economy,1.0,1.0,,,1.0,1.0,-2.0,320.0,3259000.0
Economy,1.0,1.0,0.0,1.0,1.0,1.0,8.0,340.0,4352000.0
,1.0,1.0,0.0,1.0,1.0,1.0,-1.0,340.0,4007000.0
Ultra Luxury,4.0,4.0,1.0,3.0,4.0,3.0,8.0,3020.0,47435000.0
Economy,1.0,1.0,0.0,1.0,1.0,1.0,15.0,350.0,3546000.0
Premium,2.0,1.0,1.0,1.0,2.0,2.0,2.0,1320.0,15088000.0
Premium,3.0,4.0,1.0,1.0,2.0,,8.0,,18149000.0
Premium,2.0,1.0,1.0,1.0,2.0,1.0,-1.0,1100.0,16786000.0
Economy,1.0,1.0,0.0,,1.0,1.0,10.0,350.0,3782000.0
Premium,2.0,1.0,1.0,,2.0,1.0,-2.0,1220.0,20922000.0
Economy,1.0,1.0,0.0,1.0,1.0,1.0,-2.0,340.0,3977000.0
Ultra Luxury,5.0,4.0,1.0,3.0,4.0,3.0,0.0,3210.0,70458000.0
Ultra Luxury,6.0,7.0,2.0,1.0,3.0,4.0,5.0,3940.0,68454000.0
Economy,1.0,1.0,0.0,1.0,1.0,1.0,5.0,310.0,3574000.0
Premium,3.0,2.0,1.0,1.0,2.0,2.0,-1.0,1510.0,17096000.0
Premium,3.0,2.0,1.0,1.0,2.0,1.0,8.0,1460.0,21874000.0
Economy,1.0,2.0,0.0,1.0,1.0,,,320.0,2790000.0
Luxury,3.0,2.0,2.0,2.0,4.0,2.0,10.0,2120.0,32777000.0
Economy,1.0,1.0,0.0,,1.0,1.0,,340.0,4256000.0
Luxury,3.0,,2.0,2.0,4.0,,8.0,,37242000.0
Premium,3.0,4.0,1.0,1.0,2.0,2.0,12.0,1660.0,28415000.0
Luxury,3.0,,,2.0,4.0,2.0,10.0,1950.0,
Premium,3.0,3.0,1.0,1.0,2.0,2.0,2.0,1500.0,20622000.0
Economy,1.0,1.0,0.0,1.0,1.0,1.0,5.0,310.0,3260000.0
Ultra Luxury,6.0,5.0,1.0,,3.0,3.0,2.0,3910.0,89200000.0
Luxury,3.0,,1.0,2.0,3.0,3.0,,1990.0,36155000.0
Premium,3.0,2.0,1.0,1.0,,1.0,2.0,,13679000.0
Premium,2.0,2.0,1.0,1.0,2.0,2.0,12.0,1150.0,22632000.0
Premium,3.0,2.0,1.0,1.0,2.0,1.0,-1.0,1530.0,24491000.0
Premium,3.0,2.0,1.0,1.0,2.0,2.0,5.0,1470.0,23661000.0
Premium,3.0,,,1.0,2.0,1.0,-2.0,1650.0,24331000.0
Premium,2.0,1.0,1.0,1.0,2.0,1.0,,1230.0,15474000.0
Economy,1.0,,0.0,1.0,1.0,1.0,0.0,330.0,3650000.0
Ultra Luxury,5.0,4.0,1.0,3.0,4.0,3.0,-2.0,3340.0,
Luxury,3.0,2.0,2.0,1.0,3.0,2.0,0.0,2050.0,32224000.0
Ultra Luxury,6.0,6.0,2.0,1.0,3.0,4.0,0.0,3930.0,68544000.0
Economy,1.0,1.0,0.0,1.0,1.0,1.0,0.0,360.0,4007000.0
Economy,1.0,2.0,0.0,1.0,1.0,1.0,5.0,360.0,4601000.0
Economy,1.0,,0.0,1.0,1.0,1.0,10.0,290.0,2904000.0
Premium,2.0,1.0,1.0,1.0,2.0,2.0,-1.0,1090.0,14030000.0
Economy,1.0,,0.0,1.0,1.0,1.0,-2.0,370.0,2789000.0
Economy,1.0,1.0,0.0,1.0,1.0,1.0,10.0,310.0,2993000.0
Economy,1.0,2.0,0.0,1.0,,1.0,8.0,310.0,2649000.0
Economy,1.0,1.0,0.0,1.0,1.0,1.0,-2.0,330.0,4458000.0
Economy,1.0,1.0,,1.0,1.0,,-1.0,310.0,3476000.0
Luxury,4.0,3.0,2.0,1.0,3.0,3.0,5.0,2440.0,
Ultra Luxury,4.0,5.0,2.0,2.0,4.0,4.0,2.0,2920.0,59223000.0
Economy,1.0,1.0,,1.0,1.0,1.0,2.0,300.0,3129000.0
Economy,1.0,1.0,0.0,1.0,1.0,1.0,8.0,330.0,3801000.0
Premium,3.0,2.0,1.0,1.0,2.0,2.0,10.0,1640.0,19575000.0
Luxury,4.0,3.0,2.0,,4.0,1.0,15.0,2480.0,33217000.0
Premium,,1.0,1.0,1.0,2.0,1.0,2.0,1080.0,9260000.0
Economy,1.0,1.0,0.0,1.0,1.0,1.0,5.0,350.0,3149000.0
Premium,3.0,2.0,1.0,1.0,2.0,2.0,,1600.0,33298000.0
Economy,1.0,1.0,0.0,1.0,1.0,1.0,2.0,380.0,4463000.0
Economy,1.0,1.0,,1.0,1.0,1.0,,300.0,4024000.0
Premium,3.0,2.0,1.0,1.0,2.0,2.0,2.0,1670.0,29877000.0
Ultra Luxury,6.0,7.0,,3.0,5.0,4.0,,4260.0,86856000.0
Premium,3.0,2.0,1.0,1.0,2.0,2.0,-1.0,1640.0,25986000.0
Ultra Luxury,5.0,4.0,1.0,,3.0,3.0,0.0,3280.0,67067000.0
Luxury,3.0,2.0,1.0,2.0,3.0,1.0,,1850.0,29016000.0
Ultra Luxury,4.0,,2.0,,4.0,1.0,-1.0,2580.0,41994000.0
Premium,3.0,3.0,1.0,1.0,2.0,1.0,-1.0,1560.0,23263000.0
Economy,1.0,1.0,0.0,1.0,1.0,1.0,5.0,350.0,2315000.0
Premium,2.0,1.0,1.0,1.0,2.0,,5.0,1250.0,21981000.0
Premium,2.0,1.0,1.0,1.0,2.0,2.0,2.0,1200.0,9587000.0
Premium,3.0,2.0,1.0,1.0,2.0,2.0,5.0,,17855000.0
Luxury,3.0,2.0,2.0,1.0,3.0,3.0,2.0,2120.0,20310000.0
Luxury,3.0,2.0,1.0,2.0,3.0,3.0,12.0,1980.0,35872000.0
Luxury,4.0,5.0,1.0,1.0,2.0,3.0,5.0,2430.0,34950000.0
Luxury,3.0,4.0,2.0,2.0,4.0,1.0,-1.0,1980.0,32372000.0
Premium,3.0,2.0,1.0,1.0,2.0,2.0,0.0,1560.0,23828000.0
Economy,,1.0,0.0,1.0,1.0,1.0,,350.0,4538000.0
Premium,2.0,3.0,1.0,1.0,2.0,1.0,-1.0,,12573000.0
Premium,3.0,,1.0,1.0,2.0,2.0,15.0,1660.0,19061000.0
Premium,2.0,,,1.0,2.0,2.0,2.0,1230.0,12516000.0
Economy,1.0,1.0,0.0,1.0,1.0,1.0,,300.0,3773000.0
Economy,1.0,1.0,0.0,1.0,1.0,1.0,-2.0,,3503000.0
Economy,1.0,1.0,0.0,1.0,1.0,1.0,15.0,350.0,3862000.0
Luxury,3.0,2.0,2.0,1.0,3.0,3.0,8.0,2070.0,33271000.0
Economy,1.0,,0.0,1.0,1.0,1.0,0.0,340.0,3457000.0
Luxury,4.0,5.0,1.0,1.0,2.0,3.0,0.0,2400.0,
Premium,2.0,,1.0,1.0,2.0,2.0,-2.0,1160.0,18015000.0
Premium,2.0,2.0,1.0,1.0,2.0,2.0,8.0,1210.0,17068000.0
Economy,1.0,1.0,0.0,1.0,1.0,1.0,-1.0,300.0,4246000.0
Premium,3.0,3.0,1.0,1.0,2.0,2.0,-1.0,1590.0,22964000.0
Economy,1.0,1.0,0.0,1.0,1.0,1.0,2.0,390.0,4418000.0
Economy,1.0,1.0,0.0,1.0,1.0,1.0,,310.0,3918000.0
Ultra Luxury,4.0,,2.0,2.0,4.0,2.0,2.0,2770.0,48362000.0
Economy,1.0,,0.0,1.0,,1.0,0.0,360.0,3485000.0
Ultra Luxury,6.0,5.0,2.0,2.0,4.0,,2.0,3980.0,73788000.0
Luxury,3.0,2.0,1.0,2.0,3.0,2.0,-2.0,1890.0,34531000.0
Premium,2.0,1.0,1.0,1.0,2.0,1.0,0.0,1020.0,12507000.0
Economy,1.0,1.0,0.0,1.0,1.0,1.0,,340.0,3746000.0
Premium,2.0,1.0,1.0,1.0,,2.0,5.0,1280.0,20619000.0
Ultra Luxury,4.0,3.0,3.0,2.0,5.0,3.0,12.0,3120.0,
Premium,2.0,,1.0,1.0,,1.0,,1190.0,21154000.0
Economy,1.0,1.0,0.0,1.0,1.0,1.0,12.0,360.0,4552000.0
Premium,2.0,3.0,1.0,1.0,2.0,1.0,2.0,1290.0,10739000.0
Premium,3.0,2.0,1.0,1.0,2.0,1.0,-1.0,1490.0,10076000.0
Economy,1.0,1.0,,1.0,,1.0,2.0,310.0,
Premium,2.0,3.0,1.0,1.0,2.0,2.0,-2.0,,15917000.0
Ultra Luxury,6.0,5.0,1.0,1.0,2.0,2.0,0.0,3430.0,57612000.0
Luxury,3.0,2.0,,2.0,3.0,2.0,8.0,2020.0,27686000.0
Luxury,,4.0,1.0,2.0,3.0,1.0,-1.0,1910.0,34281000.0
Economy,1.0,1.0,0.0,1.0,1.0,1.0,15.0,350.0,3941000.0
Luxury,3.0,2.0,1.0,1.0,2.0,3.0,10.0,1910.0,39038000.0
Premium,2.0,1.0,1.0,,2.0,2.0,2.0,1230.0,19488000.0
Ultra Luxury,5.0,4.0,1.0,3.0,4.0,2.0,-2.0,3400.0,53348000.0
Premium,2.0,1.0,1.0,1.0,2.0,2.0,10.0,1270.0,21451000.0
Premium,2.0,,,1.0,2.0,1.0,5.0,1250.0,
Premium,3.0,2.0,1.0,1.0,2.0,,5.0,1460.0,17826000.0
Economy,1.0,1.0,0.0,,1.0,1.0,8.0,320.0,3048000.0
Economy,1.0,1.0,0.0,1.0,1.0,1.0,,310.0,3025000.0
Premium,2.0,3.0,1.0,1.0,2.0,1.0,-2.0,1110.0,25337000.0
Ultra Luxury,4.0,,2.0,1.0,3.0,3.0,2.0,,63210000.0
Economy,1.0,1.0,0.0,,1.0,1.0,-2.0,330.0,2732000.0
Luxury,4.0,5.0,1.0,1.0,2.0,2.0,8.0,2400.0,44383000.0
Luxury,4.0,3.0,1.0,,2.0,2.0,0.0,2310.0,
Premium,2.0,1.0,1.0,1.0,2.0,1.0,5.0,1190.0,7154000.0
Luxury,4.0,3.0,1.0,2.0,3.0,1.0,5.0,,42895000.0
Economy,1.0,1.0,0.0,1.0,1.0,1.0,-1.0,310.0,3694000.0
Premium,3.0,3.0,1.0,,2.0,1.0,0.0,1450.0,20206000.0
Economy,1.0,1.0,0.0,1.0,1.0,1.0,2.0,380.0,4500000.0
Economy,1.0,1.0,0.0,1.0,1.0,1.0,0.0,360.0,3978000.0
Luxury,4.0,3.0,2.0,1.0,3.0,2.0,0.0,2260.0,43513000.0
Luxury,3.0,2.0,1.0,1.0,2.0,2.0,-1.0,1800.0,28507000.0
Premium,2.0,2.0,1.0,1.0,2.0,1.0,10.0,1050.0,26329000.0
Economy,1.0,1.0,0.0,1.0,1.0,1.0,0.0,370.0,3552000.0
Economy,1.0,1.0,0.0,1.0,1.0,1.0,2.0,370.0,4392000.0
Ultra Luxury,6.0,5.0,2.0,1.0,,4.0,12.0,4220.0,82151000.0
Economy,1.0,1.0,0.0,1.0,1.0,1.0,,350.0,3644000.0
Economy,1.0,2.0,0.0,1.0,,1.0,8.0,340.0,3777000.0
Economy,1.0,,0.0,1.0,1.0,1.0,15.0,360.0,3210000.0
Premium,3.0,2.0,1.0,1.0,2.0,2.0,5.0,1510.0,20108000.0
Luxury,4.0,3.0,2.0,1.0,3.0,2.0,5.0,2490.0,52518000.0
Premium,,3.0,1.0,1.0,2.0,2.0,5.0,,10816000.0
Luxury,4.0,3.0,1.0,2.0,3.0,2.0,0.0,2510.0,40699000.0
Economy,1.0,1.0,,1.0,1.0,1.0,10.0,360.0,4568000.0
Economy,1.0,,0.0,1.0,1.0,1.0,8.0,360.0,3944000.0
Premium,2.0,3.0,1.0,1.0,2.0,2.0,-1.0,1110.0,17100000.0
Luxury,4.0,3.0,2.0,,4.0,2.0,0.0,,28057000.0
Premium,3.0,3.0,1.0,1.0,2.0,2.0,2.0,1540.0,15237000.0
Economy,1.0,2.0,0.0,1.0,1.0,1.0,8.0,320.0,4135000.0
Economy,1.0,1.0,0.0,1.0,1.0,1.0,-1.0,340.0,3383000.0
Economy,1.0,1.0,0.0,1.0,1.0,1.0,5.0,310.0,4449000.0
Luxury,3.0,2.0,2.0,1.0,3.0,2.0,8.0,,29527000.0
Economy,1.0,1.0,0.0,1.0,1.0,0.0,,260.0,
Economy,1.0,1.0,0.0,1.0,1.0,1.0,-1.0,330.0,
Luxury,4.0,3.0,1.0,1.0,2.0,3.0,-1.0,2550.0,49769000.0
Premium,2.0,1.0,1.0,1.0,2.0,1.0,15.0,1160.0,9207000.0
Premium,3.0,2.0,1.0,1.0,2.0,2.0,0.0,1550.0,29851000.0
Ultra Luxury,4.0,3.0,3.0,1.0,4.0,2.0,5.0,3130.0,65414000.0
Premium,2.0,1.0,1.0,1.0,2.0,1.0,5.0,1050.0,22198000.0
Premium,2.0,1.0,1.0,1.0,2.0,2.0,2.0,1290.0,23543000.0
Economy,1.0,1.0,0.0,1.0,1.0,1.0,15.0,330.0,3214000.0
Ultra Luxury,,4.0,,3.0,4.0,4.0,-2.0,3630.0,71780000.0
Luxury,3.0,2.0,1.0,2.0,3.0,,10.0,2040.0,
Ultra Luxury,6.0,5.0,3.0,1.0,4.0,,15.0,3940.0,72179000.0
Luxury,4.0,3.0,2.0,2.0,4.0,2.0,8.0,2400.0,38629000.0
,2.0,1.0,1.0,1.0,,2.0,2.0,1160.0,15479000.0
Premium,3.0,2.0,1.0,,2.0,2.0,10.0,1580.0,19160000.0
Luxury,3.0,2.0,2.0,,3.0,2.0,,2050.0,43517000.0
Luxury,3.0,3.0,2.0,1.0,3.0,2.0,-2.0,1990.0,42519000.0
Luxury,3.0,,2.0,2.0,4.0,2.0,-2.0,2130.0,38089000.0
Premium,2.0,1.0,1.0,1.0,2.0,2.0,0.0,1180.0,18780000.0
Economy,1.0,1.0,0.0,1.0,1.0,1.0,5.0,380.0,4745000.0
Economy,1.0,1.0,0.0,1.0,1.0,1.0,15.0,330.0,3638000.0
Premium,3.0,2.0,1.0,1.0,2.0,2.0,2.0,1490.0,26424000.0
Economy,1.0,1.0,0.0,1.0,1.0,1.0,5.0,390.0,4652000.0
Premium,3.0,2.0,1.0,1.0,2.0,2.0,-1.0,1650.0,16980000.0
Economy,1.0,1.0,0.0,1.0,,1.0,0.0,340.0,2802000.0
Economy,1.0,1.0,,1.0,1.0,1.0,0.0,380.0,3109000.0
Premium,3.0,2.0,1.0,1.0,2.0,1.0,0.0,1480.0,15540000.0
Luxury,4.0,3.0,2.0,,4.0,2.0,2.0,2610.0,46667000.0
Economy,1.0,2.0,0.0,,1.0,1.0,-1.0,340.0,3219000.0
Luxury,4.0,3.0,1.0,1.0,2.0,,2.0,2130.0,
Economy,1.0,1.0,0.0,1.0,1.0,1.0,,340.0,3862000.0
Economy,1.0,2.0,0.0,1.0,1.0,1.0,,330.0,3683000.0
Luxury,4.0,3.0,1.0,1.0,2.0,2.0,12.0,2280.0,36943000.0
Ultra Luxury,5.0,4.0,1.0,2.0,3.0,,2.0,3070.0,55981000.0
Economy,1.0,1.0,0.0,1.0,1.0,1.0,10.0,330.0,
Luxury,4.0,3.0,2.0,2.0,4.0,3.0,0.0,2400.0,39547000.0
Premium,3.0,2.0,1.0,1.0,2.0,2.0,-1.0,1430.0,25180000.0
Economy,1.0,1.0,0.0,1.0,1.0,0.0,2.0,230.0,
Economy,1.0,1.0,0.0,1.0,1.0,1.0,8.0,340.0,3700000.0
Ultra Luxury,5.0,,2.0,3.0,5.0,3.0,,3720.0,
,1.0,1.0,0.0,1.0,1.0,1.0,10.0,300.0,3495000.0
Premium,3.0,3.0,1.0,1.0,2.0,2.0,2.0,,19874000.0
Economy,1.0,1.0,0.0,,1.0,1.0,-2.0,370.0,4812000.0
Economy,1.0,1.0,0.0,,1.0,1.0,8.0,320.0,4286000.0
Luxury,3.0,2.0,1.0,1.0,2.0,3.0,-2.0,1890.0,25102000.0
Economy,1.0,1.0,,1.0,1.0,1.0,,350.0,2434000.0
,3.0,2.0,1.0,1.0,2.0,2.0,15.0,1580.0,24332000.0
Luxury,4.0,3.0,1.0,2.0,3.0,2.0,0.0,2490.0,43817000.0
Economy,,1.0,0.0,1.0,1.0,1.0,0.0,360.0,4191000.0
Premium,2.0,3.0,1.0,1.0,2.0,2.0,-2.0,1100.0,11428000.0
Economy,,2.0,0.0,1.0,1.0,,-1.0,370.0,3752000.0
Economy,1.0,1.0,0.0,1.0,1.0,1.0,5.0,330.0,2996000.0
Economy,1.0,1.0,0.0,1.0,1.0,1.0,,320.0,4776000.0
Economy,1.0,1.0,0.0,1.0,1.0,1.0,5.0,340.0,4045000.0
Premium,,1.0,1.0,1.0,2.0,2.0,12.0,1190.0,23662000.0
Economy,1.0,1.0,0.0,,1.0,1.0,2.0,310.0,
Ultra Luxury,4.0,5.0,3.0,2.0,5.0,,15.0,2970.0,55487000.0
Ultra Luxury,6.0,5.0,2.0,2.0,4.0,3.0,-2.0,4200.0,70618000.0
Premium,3.0,2.0,1.0,1.0,2.0,2.0,0.0,1490.0,16143000.0
Economy,1.0,2.0,,1.0,1.0,1.0,0.0,380.0,4652000.0
Premium,3.0,,1.0,1.0,2.0,2.0,0.0,,7532000.0
Premium,2.0,1.0,1.0,1.0,2.0,2.0,2.0,1200.0,
Premium,3.0,4.0,1.0,1.0,2.0,2.0,-1.0,1580.0,27696000.0
,5.0,6.0,2.0,1.0,3.0,3.0,5.0,3550.0,
Economy,1.0,2.0,0.0,1.0,1.0,1.0,10.0,380.0,3737000.0
Premium,3.0,4.0,1.0,,2.0,1.0,8.0,1470.0,30665000.0
Premium,2.0,2.0,1.0,1.0,2.0,1.0,-1.0,1180.0,12044000.0
Luxury,4.0,3.0,2.0,1.0,3.0,2.0,0.0,2520.0,42389000.0
Economy,1.0,2.0,0.0,1.0,1.0,1.0,10.0,380.0,4778000.0
Economy,1.0,1.0,0.0,1.0,1.0,1.0,,340.0,2392000.0
Economy,1.0,1.0,,1.0,1.0,1.0,0.0,380.0,3283000.0
Premium,2.0,1.0,1.0,1.0,2.0,2.0,2.0,1250.0,12055000.0
Economy,1.0,,0.0,1.0,1.0,1.0,8.0,360.0,2713000.0
Luxury,4.0,3.0,,1.0,2.0,2.0,8.0,2090.0,53757000.0
Economy,1.0,1.0,0.0,1.0,,1.0,8.0,370.0,4494000.0
Economy,1.0,1.0,0.0,1.0,1.0,1.0,10.0,300.0,3512000.0
Economy,1.0,1.0,0.0,1.0,1.0,1.0,2.0,330.0,3659000.0
,1.0,1.0,0.0,1.0,1.0,1.0,-1.0,310.0,3270000.0
Premium,2.0,1.0,1.0,1.0,2.0,2.0,2.0,1230.0,18930000.0
Ultra Luxury,6.0,5.0,1.0,3.0,4.0,2.0,5.0,3650.0,
Luxury,4.0,3.0,1.0,,3.0,1.0,-1.0,2160.0,32986000.0
Economy,1.0,1.0,0.0,,1.0,1.0,,380.0,3360000.0
Economy,1.0,2.0,0.0,1.0,1.0,1.0,2.0,330.0,3181000.0
Economy,1.0,1.0,0.0,1.0,1.0,1.0,0.0,310.0,3349000.0
Premium,2.0,,1.0,,2.0,2.0,-2.0,1160.0,9585000.0
,1.0,2.0,0.0,1.0,1.0,1.0,0.0,370.0,
Premium,3.0,2.0,1.0,1.0,2.0,1.0,,1550.0,20917000.0
Economy,1.0,1.0,0.0,1.0,1.0,1.0,5.0,350.0,3254000.0
Luxury,3.0,2.0,1.0,2.0,3.0,2.0,2.0,,40334000.0
Ultra Luxury,5.0,4.0,2.0,3.0,5.0,3.0,,3610.0,80838000.0
Economy,1.0,1.0,0.0,1.0,1.0,1.0,15.0,330.0,3049000.0
Economy,1.0,1.0,0.0,1.0,1.0,1.0,-1.0,340.0,4955000.0
Premium,3.0,2.0,1.0,,2.0,,2.0,1490.0,25491000.0
Premium,3.0,,1.0,1.0,2.0,1.0,0.0,1360.0,27423000.0
Premium,2.0,1.0,1.0,1.0,2.0,1.0,8.0,,8939000.0
Premium,2.0,1.0,1.0,1.0,2.0,2.0,5.0,1140.0,20177000.0
Premium,2.0,,1.0,1.0,2.0,2.0,12.0,,16863000.0
Economy,1.0,2.0,0.0,1.0,1.0,1.0,8.0,340.0,3691000.0
Luxury,4.0,4.0,1.0,2.0,3.0,2.0,10.0,2460.0,39736000.0
Economy,1.0,,0.0,1.0,1.0,1.0,0.0,340.0,3509000.0
Economy,1.0,2.0,0.0,1.0,1.0,1.0,2.0,370.0,4751000.0
Economy,1.0,2.0,0.0,1.0,1.0,1.0,-1.0,330.0,3407000.0
Premium,3.0,2.0,1.0,1.0,2.0,2.0,2.0,,18018000.0
Economy,1.0,1.0,0.0,1.0,1.0,1.0,10.0,,
Economy,1.0,1.0,0.0,1.0,1.0,1.0,10.0,340.0,2021000.0
Economy,1.0,1.0,0.0,1.0,1.0,1.0,0.0,360.0,3639000.0
Ultra Luxury,5.0,4.0,1.0,2.0,3.0,2.0,0.0,3210.0,69608000.0
Economy,1.0,1.0,0.0,1.0,1.0,,0.0,320.0,3658000.0
Premium,2.0,1.0,1.0,1.0,2.0,1.0,5.0,1090.0,15656000.0
Economy,1.0,1.0,0.0,1.0,1.0,1.0,-2.0,310.0,2908000.0
Economy,1.0,1.0,0.0,,1.0,1.0,8.0,290.0,3671000.0
Luxury,3.0,4.0,2.0,1.0,3.0,2.0,12.0,1900.0,30572000.0
Economy,1.0,2.0,0.0,1.0,1.0,1.0,2.0,320.0,
Premium,3.0,2.0,1.0,1.0,2.0,1.0,,,
Premium,3.0,2.0,1.0,1.0,2.0,2.0,-2.0,,12755000.0
Premium,2.0,,1.0,1.0,2.0,1.0,10.0,1070.0,11151000.0
Economy,1.0,1.0,0.0,1.0,1.0,1.0,5.0,350.0,2472000.0
Ultra Luxury,4.0,5.0,3.0,1.0,4.0,2.0,,2890.0,50253000.0
Luxury,4.0,5.0,,2.0,3.0,2.0,-1.0,2270.0,40263000.0
Ultra Luxury,6.0,5.0,2.0,3.0,5.0,3.0,8.0,4110.0,69659000.0
Premium,2.0,3.0,1.0,1.0,2.0,2.0,,1280.0,24322000.0
Economy,,1.0,,1.0,1.0,1.0,10.0,340.0,3218000.0
Luxury,3.0,2.0,2.0,1.0,3.0,2.0,2.0,2100.0,41307000.0
Economy,1.0,1.0,0.0,1.0,1.0,1.0,10.0,330.0,
Economy,1.0,2.0,0.0,1.0,1.0,1.0,0.0,370.0,
Economy,1.0,1.0,0.0,1.0,,1.0,15.0,340.0,3319000.0
Luxury,3.0,2.0,,2.0,3.0,3.0,2.0,1960.0,36995000.0
Economy,1.0,1.0,0.0,1.0,1.0,1.0,12.0,340.0,3125000.0
Luxury,4.0,5.0,1.0,,2.0,2.0,2.0,2280.0,30687000.0
,3.0,2.0,1.0,2.0,3.0,1.0,8.0,1840.0,42306000.0
Economy,1.0,,0.0,1.0,1.0,1.0,0.0,380.0,4575000.0
Economy,1.0,1.0,,,1.0,,-2.0,290.0,3221000.0
Economy,,1.0,0.0,1.0,1.0,1.0,0.0,320.0,3191000.0
Economy,1.0,1.0,0.0,1.0,1.0,1.0,12.0,350.0,3121000.0
Premium,,3.0,1.0,1.0,2.0,1.0,5.0,1470.0,25227000.0
,4.0,,1.0,1.0,2.0,2.0,2.0,2230.0,38500000.0
Economy,1.0,1.0,0.0,1.0,1.0,1.0,5.0,310.0,3106000.0
Premium,2.0,1.0,1.0,1.0,2.0,1.0,2.0,1090.0,21105000.0
,3.0,2.0,1.0,1.0,2.0,2.0,5.0,1500.0,
,3.0,3.0,1.0,2.0,3.0,1.0,,1980.0,36419000.0
Economy,1.0,1.0,0.0,1.0,1.0,1.0,5.0,350.0,4266000.0
Luxury,3.0,,2.0,1.0,3.0,3.0,-2.0,2210.0,30441000.0
Economy,1.0,1.0,0.0,1.0,1.0,1.0,5.0,320.0,3382000.0
Premium,3.0,2.0,1.0,1.0,,2.0,,1590.0,
Luxury,3.0,2.0,1.0,2.0,3.0,3.0,2.0,1990.0,36567000.0
Luxury,4.0,5.0,1.0,1.0,2.0,2.0,,2280.0,43540000.0
Luxury,4.0,3.0,,1.0,2.0,2.0,8.0,2160.0,31268000.0
,2.0,1.0,1.0,1.0,,2.0,8.0,1260.0,16515000.0
Premium,3.0,3.0,1.0,1.0,2.0,1.0,2.0,1430.0,18041000.0
Economy,1.0,1.0,0.0,1.0,1.0,1.0,-1.0,330.0,
Economy,,1.0,0.0,1.0,1.0,1.0,-1.0,370.0,4548000.0
Economy,1.0,1.0,0.0,1.0,1.0,,-2.0,310.0,3032000.0
Economy,1.0,1.0,0.0,1.0,1.0,1.0,,330.0,
Luxury,3.0,2.0,2.0,2.0,4.0,3.0,0.0,2120.0,40644000.0
Economy,1.0,1.0,0.0,1.0,1.0,,-2.0,320.0,3162000.0
Luxury,4.0,3.0,2.0,1.0,,1.0,-1.0,2510.0,45551000.0
Economy,1.0,1.0,0.0,1.0,1.0,1.0,,330.0,4258000.0
Luxury,4.0,5.0,2.0,1.0,3.0,2.0,2.0,2510.0,43616000.0
Luxury,3.0,4.0,1.0,1.0,2.0,2.0,2.0,1870.0,31750000.0
Premium,3.0,2.0,1.0,1.0,2.0,2.0,5.0,1640.0,11740000.0
Economy,1.0,1.0,,1.0,1.0,1.0,5.0,310.0,3483000.0
Luxury,4.0,3.0,1.0,1.0,2.0,1.0,-2.0,2160.0,50259000.0
Premium,2.0,2.0,1.0,1.0,2.0,2.0,5.0,1190.0,17333000.0
,1.0,1.0,0.0,1.0,1.0,1.0,2.0,350.0,
Premium,2.0,3.0,1.0,1.0,2.0,2.0,-1.0,1260.0,16638000.0
Premium,3.0,2.0,1.0,1.0,2.0,1.0,5.0,1480.0,25459000.0
Economy,1.0,1.0,0.0,1.0,1.0,1.0,0.0,340.0,2914000.0
Economy,1.0,1.0,0.0,1.0,1.0,1.0,15.0,310.0,3660000.0
Premium,3.0,2.0,1.0,1.0,2.0,1.0,,1520.0,22943000.0
Economy,,1.0,0.0,1.0,1.0,1.0,-1.0,330.0,2487000.0
Economy,1.0,1.0,0.0,1.0,1.0,1.0,12.0,,
Economy,1.0,1.0,0.0,1.0,1.0,1.0,-1.0,370.0,3548000.0
Economy,1.0,1.0,0.0,1.0,1.0,1.0,12.0,300.0,2520000.0
Premium,2.0,1.0,1.0,1.0,2.0,1.0,-2.0,1190.0,16344000.0
Luxury,4.0,3.0,1.0,1.0,2.0,2.0,5.0,2100.0,37647000.0
Economy,1.0,2.0,0.0,1.0,1.0,1.0,2.0,360.0,3542000.0
,1.0,1.0,0.0,1.0,1.0,1.0,2.0,350.0,3377000.0
Luxury,3.0,2.0,1.0,2.0,3.0,,,2010.0,38819000.0
,3.0,,1.0,1.0,2.0,1.0,12.0,1500.0,25863000.0
Economy,1.0,1.0,0.0,1.0,1.0,1.0,0.0,350.0,3496000.0
Premium,2.0,1.0,1.0,1.0,2.0,1.0,10.0,1120.0,
Ultra Luxury,5.0,6.0,3.0,2.0,5.0,3.0,12.0,3760.0,69730000.0
Ultra Luxury,4.0,,1.0,3.0,4.0,1.0,-1.0,2400.0,45273000.0
Premium,2.0,1.0,1.0,1.0,2.0,1.0,5.0,1200.0,17337000.0
Luxury,4.0,5.0,1.0,2.0,3.0,2.0,2.0,2480.0,44679000.0
Premium,3.0,4.0,1.0,1.0,2.0,2.0,8.0,1630.0,26376000.0
Economy,1.0,1.0,0.0,1.0,1.0,1.0,2.0,350.0,3740000.0
Economy,1.0,,0.0,1.0,1.0,1.0,2.0,360.0,3492000.0
Premium,3.0,2.0,1.0,,2.0,2.0,5.0,1460.0,13346000.0
Ultra Luxury,5.0,4.0,3.0,1.0,4.0,3.0,5.0,3390.0,66485000.0
Premium,2.0,1.0,1.0,1.0,2.0,2.0,15.0,1140.0,17588000.0
Luxury,3.0,2.0,2.0,2.0,,3.0,-2.0,2250.0,44873000.0
Premium,2.0,3.0,1.0,1.0,2.0,1.0,10.0,1140.0,22600000.0
Premium,3.0,4.0,1.0,1.0,2.0,1.0,,1450.0,25535000.0
Luxury,4.0,,1.0,1.0,2.0,2.0,-2.0,2200.0,42140000.0
Luxury,3.0,3.0,1.0,1.0,,3.0,8.0,1890.0,27795000.0
Premium,2.0,1.0,1.0,1.0,2.0,1.0,5.0,1150.0,
Luxury,4.0,3.0,1.0,1.0,,2.0,5.0,,41570000.0
Premium,2.0,1.0,1.0,1.0,2.0,2.0,2.0,1170.0,21612000.0
Economy,1.0,1.0,0.0,1.0,1.0,1.0,5.0,300.0,2963000.0
Economy,1.0,2.0,0.0,1.0,1.0,1.0,8.0,300.0,3079000.0
Economy,1.0,1.0,0.0,1.0,1.0,1.0,2.0,350.0,4375000.0
Premium,3.0,2.0,1.0,1.0,2.0,1.0,5.0,1460.0,18806000.0
Ultra Luxury,4.0,3.0,2.0,2.0,4.0,3.0,12.0,3080.0,63979000.0
Premium,2.0,3.0,1.0,1.0,2.0,2.0,-1.0,1160.0,17789000.0
Economy,1.0,1.0,0.0,1.0,1.0,1.0,-2.0,350.0,3908000.0
Economy,1.0,2.0,0.0,1.0,1.0,1.0,2.0,330.0,3550000.0
Premium,3.0,2.0,1.0,1.0,2.0,2.0,-2.0,1570.0,20870000.0
Economy,1.0,1.0,0.0,,1.0,1.0,,380.0,3579000.0
Economy,1.0,1.0,0.0,1.0,1.0,1.0,15.0,350.0,2836000.0
Economy,1.0,1.0,0.0,1.0,1.0,1.0,2.0,310.0,2545000.0
Premium,3.0,2.0,1.0,1.0,2.0,2.0,-2.0,1660.0,32141000.0
Luxury,3.0,2.0,1.0,2.0,3.0,2.0,8.0,2040.0,32724000.0
Luxury,4.0,3.0,2.0,1.0,3.0,2.0,5.0,2250.0,32553000.0
Economy,1.0,1.0,0.0,1.0,,1.0,5.0,290.0,2570000.0
Premium,3.0,3.0,1.0,1.0,2.0,2.0,-1.0,1480.0,22444000.0
Economy,1.0,2.0,,1.0,1.0,1.0,2.0,340.0,4029000.0
Premium,3.0,,1.0,1.0,2.0,,5.0,1450.0,13976000.0
Luxury,3.0,3.0,1.0,2.0,,2.0,5.0,1870.0,34232000.0
Luxury,3.0,2.0,1.0,1.0,2.0,2.0,10.0,1900.0,33313000.0
Economy,,1.0,0.0,,1.0,1.0,-1.0,350.0,3727000.0
Ultra Luxury,4.0,3.0,3.0,,5.0,1.0,12.0,2890.0,38674000.0
Premium,3.0,2.0,1.0,1.0,2.0,2.0,2.0,1570.0,29778000.0
Economy,1.0,,0.0,1.0,1.0,1.0,2.0,,2374000.0
Luxury,4.0,3.0,1.0,1.0,2.0,3.0,0.0,,31515000.0
Economy,1.0,1.0,0.0,1.0,1.0,1.0,8.0,350.0,5240000.0
Premium,3.0,2.0,1.0,1.0,2.0,1.0,0.0,1420.0,24441000.0
Economy,1.0,1.0,0.0,1.0,1.0,1.0,0.0,300.0,2336000.0
Economy,1.0,,0.0,1.0,1.0,1.0,12.0,380.0,
Economy,1.0,2.0,0.0,,1.0,1.0,0.0,350.0,3416000.0
Premium,3.0,2.0,,1.0,2.0,1.0,10.0,1530.0,24331000.0
Luxury,4.0,4.0,1.0,2.0,3.0,2.0,8.0,,48375000.0
Economy,1.0,2.0,0.0,1.0,1.0,1.0,0.0,350.0,3205000.0
Luxury,3.0,2.0,,2.0,4.0,,-1.0,2060.0,37835000.0
Luxury,4.0,3.0,,1.0,3.0,2.0,2.0,2360.0,43093000.0
Premium,2.0,1.0,1.0,1.0,2.0,1.0,12.0,1180.0,
Economy,1.0,1.0,0.0,1.0,1.0,1.0,0.0,390.0,4437000.0
Economy,1.0,,0.0,1.0,1.0,1.0,10.0,370.0,3374000.0
Premium,2.0,1.0,1.0,,2.0,1.0,10.0,1040.0,15906000.0
,3.0,2.0,1.0,2.0,3.0,3.0,-1.0,2090.0,
Economy,1.0,1.0,,1.0,1.0,1.0,-1.0,300.0,3678000.0
Economy,1.0,1.0,0.0,1.0,1.0,1.0,-1.0,340.0,3621000.0
Premium,2.0,1.0,1.0,1.0,2.0,1.0,2.0,1040.0,15097000.0
Economy,1.0,1.0,0.0,1.0,1.0,1.0,2.0,320.0,2811000.0
Luxury,3.0,2.0,2.0,1.0,3.0,2.0,5.0,,37076000.0
Economy,1.0,1.0,0.0,1.0,1.0,1.0,5.0,370.0,3331000.0
Ultra Luxury,5.0,4.0,2.0,2.0,4.0,2.0,5.0,,
Economy,1.0,1.0,0.0,1.0,1.0,1.0,15.0,310.0,3198000.0
Economy,,2.0,0.0,1.0,1.0,1.0,-1.0,340.0,2992000.0
Premium,3.0,4.0,1.0,1.0,2.0,1.0,-2.0,1520.0,17002000.0
Economy,1.0,,0.0,1.0,1.0,1.0,0.0,360.0,3429000.0
Premium,2.0,1.0,1.0,1.0,2.0,2.0,15.0,1210.0,15554000.0
Economy,1.0,2.0,0.0,1.0,1.0,1.0,,300.0,3256000.0
Premium,3.0,2.0,1.0,1.0,2.0,2.0,2.0,1590.0,17371000.0
Economy,1.0,2.0,0.0,1.0,1.0,1.0,0.0,390.0,3604000.0
Luxury,3.0,,1.0,2.0,3.0,,15.0,2030.0,39450000.0
Economy,1.0,1.0,0.0,1.0,1.0,,0.0,330.0,2964000.0
Ultra Luxury,4.0,4.0,3.0,1.0,,1.0,2.0,2670.0,61279000.0
,1.0,1.0,0.0,,1.0,1.0,,300.0,2842000.0
Premium,2.0,1.0,1.0,,2.0,1.0,15.0,1050.0,12497000.0
Premium,2.0,1.0,1.0,1.0,2.0,2.0,5.0,1140.0,11204000.0
Luxury,4.0,3.0,,2.0,4.0,3.0,0.0,2870.0,39219000.0
Luxury,4.0,5.0,1.0,1.0,2.0,3.0,8.0,2420.0,45860000.0
Premium,3.0,3.0,1.0,1.0,2.0,2.0,8.0,1520.0,10778000.0
Ultra Luxury,4.0,3.0,2.0,3.0,5.0,2.0,,3070.0,59900000.0
Economy,1.0,1.0,0.0,1.0,1.0,1.0,2.0,320.0,3515000.0
Luxury,4.0,5.0,2.0,2.0,4.0,2.0,0.0,2590.0,30900000.0
Premium,2.0,1.0,1.0,1.0,2.0,2.0,,1290.0,18342000.0
Ultra Luxury,,,3.0,1.0,4.0,3.0,-2.0,3040.0,
Ultra Luxury,6.0,5.0,2.0,3.0,5.0,3.0,0.0,3810.0,73277000.0
Premium,2.0,2.0,1.0,1.0,2.0,1.0,12.0,1120.0,16830000.0
Luxury,3.0,2.0,1.0,1.0,2.0,3.0,0.0,1920.0,31722000.0
Ultra Luxury,4.0,3.0,3.0,1.0,4.0,3.0,-1.0,2900.0,
Economy,1.0,,0.0,1.0,1.0,1.0,-1.0,350.0,2819000.0
,3.0,3.0,1.0,1.0,2.0,1.0,10.0,1500.0,24058000.0
Economy,1.0,1.0,0.0,1.0,1.0,1.0,5.0,380.0,3323000.0
Premium,2.0,1.0,1.0,1.0,2.0,2.0,-1.0,1250.0,18633000.0
Premium,3.0,2.0,1.0,1.0,2.0,2.0,10.0,1420.0,17244000.0
Economy,1.0,1.0,0.0,1.0,1.0,1.0,2.0,340.0,4161000.0
Economy,1.0,2.0,0.0,1.0,1.0,,0.0,380.0,3651000.0
Premium,3.0,2.0,1.0,1.0,2.0,2.0,,1480.0,10441000.0
Economy,1.0,1.0,0.0,1.0,1.0,1.0,10.0,310.0,3058000.0
Premium,3.0,2.0,,1.0,2.0,2.0,15.0,1700.0,25940000.0
Economy,1.0,1.0,0.0,1.0,1.0,,0.0,360.0,3079000.0
Economy,1.0,1.0,0.0,1.0,1.0,1.0,10.0,380.0,5355000.0
Economy,1.0,1.0,0.0,1.0,1.0,1.0,10.0,360.0,3903000.0
Economy,1.0,1.0,0.0,1.0,1.0,1.0,2.0,350.0,3661000.0
Luxury,3.0,2.0,2.0,1.0,3.0,2.0,2.0,1890.0,
Ultra Luxury,4.0,,3.0,,4.0,3.0,-2.0,2820.0,52808000.0
Luxury,3.0,2.0,2.0,2.0,4.0,3.0,-2.0,2140.0,39869000.0
Luxury,3.0,2.0,,2.0,3.0,2.0,-2.0,1830.0,
Economy,1.0,,0.0,,1.0,1.0,2.0,360.0,3740000.0
Economy,1.0,1.0,0.0,1.0,1.0,1.0,-1.0,360.0,5040000.0
Premium,2.0,1.0,1.0,1.0,2.0,2.0,5.0,1250.0,12353000.0
Premium,2.0,,1.0,1.0,2.0,1.0,-1.0,1090.0,
Premium,3.0,,1.0,1.0,2.0,1.0,,1550.0,20884000.0
Premium,2.0,1.0,1.0,1.0,2.0,2.0,0.0,1220.0,15537000.0
Economy,1.0,1.0,0.0,1.0,1.0,1.0,8.0,380.0,3234000.0
Economy,1.0,1.0,0.0,1.0,1.0,1.0,8.0,360.0,4064000.0
Economy,1.0,1.0,0.0,1.0,1.0,1.0,5.0,350.0,4038000.0
Economy,1.0,1.0,0.0,1.0,1.0,1.0,2.0,350.0,4024000.0
Premium,2.0,1.0,1.0,1.0,2.0,1.0,0.0,1130.0,23914000.0
,3.0,,1.0,1.0,2.0,2.0,10.0,1630.0,23620000.0
Premium,3.0,3.0,1.0,1.0,2.0,2.0,,1600.0,22346000.0
Economy,1.0,2.0,0.0,1.0,1.0,1.0,12.0,340.0,3245000.0
Economy,1.0,1.0,0.0,1.0,1.0,1.0,0.0,360.0,2041000.0
Economy,1.0,1.0,0.0,1.0,,1.0,2.0,350.0,3429000.0
Economy,1.0,1.0,0.0,1.0,1.0,1.0,12.0,,
Premium,3.0,3.0,1.0,1.0,,2.0,2.0,1440.0,14750000.0
Premium,2.0,1.0,1.0,1.0,2.0,2.0,2.0,,12528000.0
Economy,1.0,1.0,0.0,1.0,1.0,1.0,2.0,340.0,2144000.0
Premium,3.0,,1.0,1.0,2.0,2.0,-2.0,1560.0,20214000.0
Economy,1.0,1.0,0.0,1.0,1.0,1.0,,350.0,3386000.0
Luxury,3.0,2.0,2.0,2.0,4.0,1.0,8.0,2150.0,52771000.0
Premium,,2.0,1.0,1.0,2.0,2.0,0.0,1190.0,
,3.0,,1.0,2.0,3.0,3.0,-2.0,2230.0,
Economy,1.0,1.0,0.0,1.0,1.0,1.0,5.0,310.0,1553000.0
Economy,1.0,2.0,0.0,1.0,1.0,1.0,0.0,,3146000.0
Luxury,4.0,3.0,1.0,2.0,3.0,2.0,-2.0,,44620000.0
Economy,1.0,1.0,0.0,1.0,1.0,1.0,8.0,310.0,2826000.0
Premium,3.0,3.0,1.0,1.0,2.0,,8.0,1400.0,22892000.0
Premium,2.0,1.0,1.0,1.0,2.0,2.0,5.0,1220.0,20607000.0
Luxury,3.0,2.0,1.0,2.0,3.0,2.0,-1.0,1940.0,36822000.0
Ultra Luxury,4.0,3.0,,3.0,4.0,3.0,-1.0,3010.0,67622000.0
Premium,2.0,1.0,1.0,1.0,2.0,2.0,-2.0,1190.0,16612000.0
Premium,3.0,2.0,1.0,1.0,2.0,2.0,-1.0,1570.0,13688000.0
Premium,3.0,2.0,1.0,1.0,2.0,2.0,5.0,1500.0,26217000.0
Premium,3.0,,1.0,1.0,2.0,2.0,5.0,,31669000.0
Economy,1.0,2.0,0.0,1.0,1.0,1.0,-1.0,300.0,3782000.0
Economy,1.0,1.0,0.0,1.0,,1.0,15.0,330.0,3100000.0
Luxury,4.0,3.0,2.0,1.0,3.0,3.0,,,40882000.0
Economy,1.0,1.0,0.0,1.0,1.0,1.0,,300.0,3216000.0
Economy,1.0,1.0,0.0,1.0,,1.0,2.0,370.0,5287000.0
,2.0,2.0,1.0,1.0,2.0,2.0,2.0,1290.0,13949000.0
Premium,3.0,2.0,1.0,1.0,2.0,2.0,-1.0,1540.0,21726000.0
Economy,1.0,1.0,0.0,1.0,1.0,1.0,2.0,340.0,4034000.0
,4.0,3.0,1.0,2.0,3.0,3.0,5.0,2820.0,54573000.0
Luxury,3.0,4.0,1.0,2.0,3.0,2.0,2.0,2110.0,25139000.0
Economy,1.0,1.0,0.0,1.0,1.0,1.0,12.0,340.0,3703000.0
Ultra Luxury,6.0,,3.0,2.0,5.0,,2.0,4020.0,
,,5.0,2.0,2.0,4.0,3.0,5.0,2470.0,49158000.0
Economy,1.0,1.0,0.0,1.0,1.0,1.0,15.0,320.0,2942000.0
Luxury,3.0,2.0,2.0,1.0,3.0,2.0,-1.0,1970.0,24081000.0
Economy,1.0,2.0,,,1.0,1.0,8.0,310.0,
Economy,1.0,1.0,0.0,1.0,1.0,1.0,,370.0,2687000.0
Premium,3.0,3.0,1.0,1.0,2.0,2.0,,1500.0,20661000.0
Economy,1.0,,0.0,1.0,1.0,0.0,,250.0,2940000.0
Economy,1.0,1.0,0.0,1.0,1.0,1.0,-2.0,320.0,3467000.0
Premium,2.0,1.0,1.0,1.0,,1.0,-1.0,1210.0,16909000.0
Economy,1.0,1.0,0.0,1.0,,1.0,15.0,350.0,3899000.0
Luxury,3.0,2.0,,2.0,4.0,3.0,2.0,2300.0,37110000.0
Economy,1.0,1.0,0.0,1.0,1.0,1.0,10.0,300.0,
Economy,1.0,1.0,0.0,1.0,1.0,0.0,10.0,260.0,2613000.0
Economy,1.0,1.0,0.0,1.0,1.0,1.0,,,4360000.0
Economy,1.0,1.0,0.0,1.0,1.0,1.0,2.0,330.0,4707000.0
Premium,3.0,4.0,1.0,1.0,2.0,2.0,-1.0,1530.0,31931000.0
Premium,2.0,1.0,1.0,1.0,2.0,1.0,-1.0,,10610000.0
Economy,1.0,,0.0,1.0,1.0,1.0,2.0,350.0,4088000.0
Ultra Luxury,5.0,6.0,3.0,2.0,5.0,2.0,0.0,,64279000.0
Ultra Luxury,6.0,5.0,3.0,1.0,4.0,2.0,5.0,4030.0,
Premium,2.0,1.0,1.0,1.0,2.0,1.0,2.0,1120.0,11783000.0
Premium,2.0,3.0,1.0,1.0,2.0,2.0,0.0,1170.0,16945000.0
Economy,1.0,,0.0,1.0,1.0,0.0,-2.0,250.0,2547000.0
Economy,1.0,1.0,0.0,1.0,1.0,1.0,0.0,340.0,3681000.0
Luxury,4.0,3.0,2.0,1.0,3.0,2.0,,2490.0,58595000.0
Luxury,4.0,5.0,1.0,2.0,3.0,2.0,-2.0,2350.0,37600000.0
Premium,3.0,2.0,1.0,1.0,2.0,2.0,12.0,1550.0,20571000.0
Economy,1.0,2.0,0.0,1.0,1.0,1.0,0.0,370.0,3477000.0
Premium,2.0,,1.0,1.0,2.0,2.0,8.0,1220.0,12782000.0
Ultra Luxury,4.0,3.0,2.0,2.0,4.0,3.0,10.0,2850.0,51514000.0
Premium,3.0,2.0,1.0,1.0,2.0,2.0,2.0,1680.0,26985000.0
Luxury,4.0,3.0,2.0,,3.0,2.0,0.0,2580.0,46148000.0
Premium,2.0,3.0,1.0,,2.0,2.0,-1.0,1210.0,
Luxury,4.0,3.0,2.0,1.0,3.0,2.0,2.0,2360.0,40760000.0
Luxury,3.0,2.0,1.0,1.0,2.0,2.0,,1880.0,32317000.0
Premium,2.0,1.0,1.0,1.0,,2.0,,1200.0,13053000.0
Premium,2.0,,1.0,1.0,2.0,1.0,-1.0,1160.0,11681000.0
Economy,1.0,1.0,0.0,1.0,1.0,1.0,10.0,350.0,4207000.0
Premium,3.0,3.0,1.0,1.0,2.0,2.0,2.0,1420.0,22145000.0
Luxury,4.0,5.0,2.0,2.0,4.0,3.0,-2.0,2730.0,40086000.0
Premium,2.0,1.0,1.0,1.0,2.0,2.0,,1130.0,17282000.0
Economy,1.0,1.0,0.0,1.0,1.0,1.0,-2.0,350.0,2504000.0
Premium,2.0,1.0,,1.0,,2.0,-2.0,1190.0,18329000.0
Premium,3.0,2.0,1.0,1.0,2.0,1.0,,1450.0,24793000.0
Economy,1.0,1.0,0.0,1.0,1.0,0.0,-2.0,280.0,1917000.0
,1.0,1.0,0.0,1.0,1.0,1.0,-2.0,360.0,5356000.0
Premium,2.0,1.0,1.0,1.0,2.0,2.0,2.0,1310.0,24489000.0
Luxury,4.0,3.0,2.0,2.0,4.0,2.0,12.0,2460.0,48305000.0
Premium,3.0,3.0,1.0,1.0,2.0,2.0,8.0,1520.0,24374000.0
Premium,3.0,2.0,1.0,1.0,2.0,2.0,-2.0,1400.0,28066000.0
Economy,1.0,,0.0,1.0,1.0,1.0,-1.0,320.0,2895000.0
Premium,2.0,3.0,1.0,1.0,2.0,1.0,0.0,1060.0,
Economy,1.0,2.0,0.0,1.0,1.0,1.0,5.0,350.0,3757000.0
Luxury,4.0,4.0,2.0,2.0,4.0,,0.0,2530.0,46764000.0
Economy,1.0,,0.0,1.0,1.0,1.0,2.0,300.0,4630000.0
Economy,1.0,1.0,0.0,1.0,1.0,1.0,,320.0,3398000.0
Economy,1.0,1.0,0.0,1.0,1.0,1.0,,,3388000.0
Premium,3.0,4.0,1.0,1.0,2.0,2.0,8.0,1510.0,16151000.0
Economy,1.0,,0.0,,,1.0,-2.0,340.0,3737000.0
Premium,3.0,2.0,1.0,1.0,2.0,2.0,5.0,1610.0,25657000.0
Economy,1.0,1.0,0.0,1.0,1.0,1.0,5.0,310.0,2916000.0
Premium,3.0,2.0,1.0,1.0,2.0,2.0,-1.0,1620.0,17874000.0
Economy,1.0,2.0,0.0,1.0,1.0,1.0,,370.0,4076000.0
Luxury,3.0,4.0,2.0,1.0,3.0,2.0,5.0,2010.0,29904000.0
Economy,1.0,1.0,,1.0,1.0,1.0,0.0,370.0,3198000.0
Economy,1.0,1.0,0.0,1.0,1.0,1.0,0.0,340.0,4341000.0
Premium,3.0,2.0,1.0,,2.0,2.0,5.0,,26908000.0
Premium,3.0,4.0,1.0,1.0,2.0,,15.0,1440.0,15307000.0
Economy,1.0,,,1.0,1.0,1.0,12.0,370.0,4135000.0
Premium,2.0,1.0,1.0,1.0,2.0,2.0,5.0,1170.0,15669000.0
Premium,3.0,,1.0,1.0,2.0,2.0,8.0,1610.0,23746000.0
Ultra Luxury,5.0,4.0,2.0,2.0,4.0,3.0,8.0,3200.0,44158000.0
Luxury,3.0,2.0,1.0,,3.0,3.0,5.0,2170.0,38444000.0
Luxury,4.0,3.0,1.0,1.0,2.0,3.0,15.0,2320.0,41700000.0
,1.0,1.0,0.0,1.0,1.0,1.0,-1.0,350.0,4039000.0
Economy,1.0,1.0,0.0,1.0,1.0,1.0,0.0,320.0,3184000.0
Premium,2.0,1.0,1.0,,2.0,1.0,5.0,1090.0,18756000.0
Economy,1.0,1.0,0.0,1.0,1.0,1.0,8.0,310.0,4142000.0
Economy,1.0,1.0,0.0,1.0,,1.0,5.0,340.0,3373000.0
Premium,2.0,3.0,1.0,1.0,2.0,2.0,2.0,1100.0,15490000.0
Premium,3.0,4.0,1.0,1.0,2.0,1.0,0.0,1500.0,19986000.0
Economy,1.0,1.0,0.0,1.0,1.0,1.0,-1.0,350.0,3835000.0
Luxury,3.0,4.0,1.0,2.0,3.0,2.0,0.0,1860.0,31226000.0
Economy,1.0,,0.0,1.0,1.0,1.0,15.0,320.0,
Premium,2.0,1.0,1.0,1.0,2.0,1.0,10.0,1080.0,16726000.0
Ultra Luxury,6.0,6.0,2.0,3.0,5.0,3.0,2.0,4090.0,80907000.0
Economy,1.0,1.0,0.0,1.0,1.0,1.0,2.0,330.0,3409000.0
Economy,1.0,1.0,0.0,1.0,1.0,1.0,10.0,340.0,3582000.0
Economy,1.0,1.0,0.0,,1.0,1.0,2.0,350.0,4459000.0
Luxury,4.0,5.0,2.0,2.0,4.0,2.0,5.0,2550.0,57803000.0
Economy,1.0,1.0,0.0,1.0,1.0,1.0,12.0,,2558000.0
Ultra Luxury,5.0,6.0,1.0,2.0,3.0,4.0,-1.0,3480.0,66779000.0
Economy,1.0,1.0,0.0,1.0,1.0,1.0,5.0,310.0,2955000.0
Premium,3.0,2.0,1.0,1.0,2.0,1.0,0.0,1550.0,19954000.0
Luxury,4.0,3.0,2.0,1.0,3.0,3.0,15.0,,44517000.0
Ultra Luxury,4.0,3.0,3.0,2.0,5.0,2.0,2.0,3130.0,68738000.0
Premium,2.0,3.0,1.0,1.0,,1.0,,1080.0,13435000.0
Economy,1.0,1.0,0.0,1.0,1.0,1.0,8.0,350.0,3613000.0
,1.0,,0.0,1.0,1.0,1.0,2.0,340.0,2849000.0
Economy,1.0,1.0,0.0,1.0,1.0,1.0,-1.0,380.0,4271000.0
Economy,1.0,1.0,0.0,1.0,1.0,1.0,0.0,290.0,3888000.0
Premium,3.0,4.0,1.0,1.0,2.0,1.0,2.0,1420.0,21720000.0
Premium,3.0,2.0,1.0,,2.0,2.0,0.0,1700.0,18932000.0
Economy,,1.0,0.0,1.0,1.0,1.0,15.0,310.0,3342000.0
Premium,,2.0,1.0,1.0,2.0,1.0,0.0,1390.0,12297000.0
Luxury,3.0,2.0,2.0,1.0,3.0,2.0,-1.0,1990.0,32112000.0
Economy,1.0,1.0,0.0,1.0,1.0,1.0,2.0,320.0,2723000.0
Premium,2.0,1.0,1.0,1.0,2.0,,10.0,,17619000.0
Economy,1.0,,0.0,1.0,1.0,1.0,-1.0,370.0,3653000.0
Premium,2.0,1.0,1.0,1.0,2.0,2.0,2.0,1240.0,16183000.0
Luxury,4.0,3.0,2.0,2.0,4.0,2.0,12.0,2640.0,38791000.0
Luxury,3.0,2.0,2.0,2.0,4.0,3.0,15.0,2110.0,37693000.0
Luxury,,5.0,2.0,2.0,4.0,3.0,-2.0,2880.0,43790000.0
Premium,3.0,2.0,,1.0,,2.0,,1390.0,27998000.0
Economy,1.0,1.0,0.0,1.0,1.0,1.0,15.0,360.0,3645000.0
Luxury,,5.0,1.0,2.0,3.0,,-2.0,2470.0,36367000.0
Luxury,3.0,2.0,,1.0,2.0,2.0,0.0,1980.0,31499000.0
Premium,3.0,,1.0,1.0,2.0,1.0,2.0,1330.0,18657000.0
Ultra Luxury,5.0,4.0,3.0,2.0,5.0,4.0,8.0,3790.0,86623000.0
Premium,2.0,1.0,1.0,1.0,2.0,1.0,15.0,1120.0,24145000.0
Economy,1.0,2.0,0.0,1.0,1.0,,-1.0,340.0,2754000.0
Luxury,,2.0,2.0,1.0,3.0,3.0,-1.0,2120.0,45792000.0
Ultra Luxury,4.0,3.0,3.0,2.0,,2.0,12.0,2900.0,49797000.0
Luxury,4.0,5.0,2.0,1.0,3.0,2.0,-1.0,2550.0,37902000.0
Economy,1.0,1.0,0.0,1.0,1.0,1.0,-1.0,340.0,1856000.0
Economy,1.0,,0.0,1.0,1.0,1.0,0.0,320.0,3611000.0
Economy,1.0,1.0,0.0,1.0,1.0,,2.0,370.0,3576000.0
Luxury,4.0,3.0,1.0,1.0,2.0,1.0,0.0,2250.0,30054000.0
Economy,1.0,,0.0,1.0,1.0,1.0,-1.0,330.0,3426000.0
Premium,,2.0,1.0,1.0,2.0,2.0,15.0,1110.0,15140000.0
Economy,1.0,1.0,0.0,1.0,1.0,1.0,-1.0,370.0,3605000.0
Economy,1.0,1.0,0.0,1.0,1.0,1.0,5.0,,3246000.0
Economy,1.0,2.0,0.0,1.0,,1.0,15.0,,2613000.0
Premium,2.0,1.0,1.0,1.0,2.0,1.0,10.0,1120.0,8924000.0
Premium,3.0,2.0,1.0,1.0,2.0,2.0,-1.0,1450.0,16910000.0
Premium,2.0,1.0,1.0,1.0,2.0,2.0,2.0,1240.0,
Premium,3.0,,1.0,1.0,2.0,,8.0,1600.0,25385000.0
Ultra Luxury,6.0,7.0,1.0,1.0,,3.0,-1.0,3660.0,
Premium,2.0,1.0,1.0,1.0,2.0,2.0,2.0,1300.0,13364000.0
Economy,1.0,2.0,0.0,1.0,1.0,1.0,-1.0,360.0,3728000.0
Luxury,4.0,3.0,2.0,2.0,4.0,2.0,5.0,2430.0,45856000.0
Premium,2.0,2.0,1.0,1.0,2.0,2.0,,1260.0,
Ultra Luxury,4.0,5.0,2.0,3.0,5.0,3.0,2.0,3070.0,60661000.0
Economy,1.0,2.0,0.0,,1.0,1.0,5.0,340.0,3259000.0
Ultra Luxury,5.0,4.0,2.0,2.0,4.0,3.0,10.0,3420.0,71757000.0
,3.0,4.0,1.0,1.0,2.0,2.0,12.0,1550.0,22889000.0
Ultra Luxury,4.0,4.0,1.0,3.0,4.0,3.0,-2.0,3170.0,78218000.0
Luxury,3.0,2.0,2.0,2.0,4.0,2.0,-1.0,2210.0,42347000.0
Luxury,3.0,,1.0,2.0,3.0,3.0,8.0,2040.0,24387000.0
Ultra Luxury,5.0,5.0,3.0,1.0,4.0,4.0,5.0,3660.0,75187000.0
Economy,1.0,1.0,0.0,1.0,1.0,1.0,0.0,350.0,3504000.0
Economy,1.0,1.0,0.0,1.0,1.0,1.0,,310.0,
Economy,1.0,,0.0,1.0,1.0,1.0,-1.0,350.0,4870000.0
Luxury,4.0,4.0,1.0,1.0,2.0,2.0,,2210.0,36671000.0
Ultra Luxury,6.0,5.0,3.0,1.0,4.0,3.0,-2.0,4230.0,92665000.0
Ultra Luxury,4.0,3.0,1.0,3.0,4.0,3.0,5.0,2920.0,53063000.0
Luxury,4.0,3.0,2.0,2.0,4.0,3.0,-1.0,,47368000.0
Economy,1.0,1.0,0.0,1.0,1.0,1.0,,370.0,5766000.0
Economy,1.0,1.0,0.0,1.0,1.0,1.0,2.0,340.0,4620000.0
Economy,1.0,,0.0,1.0,1.0,1.0,0.0,320.0,2546000.0
Premium,3.0,3.0,1.0,1.0,2.0,1.0,10.0,1410.0,27098000.0
Economy,1.0,1.0,0.0,1.0,1.0,1.0,2.0,400.0,4309000.0
Economy,1.0,2.0,0.0,,1.0,1.0,2.0,320.0,3259000.0
Premium,3.0,4.0,1.0,,2.0,2.0,-1.0,1490.0,17464000.0
Economy,1.0,2.0,0.0,1.0,1.0,1.0,12.0,330.0,3765000.0
Economy,1.0,2.0,0.0,1.0,1.0,1.0,10.0,330.0,3441000.0
Ultra Luxury,6.0,5.0,1.0,2.0,3.0,3.0,,,72735000.0
Economy,1.0,1.0,0.0,,1.0,1.0,0.0,350.0,3369000.0
Premium,2.0,2.0,1.0,1.0,2.0,1.0,12.0,1100.0,16635000.0
Premium,2.0,1.0,1.0,1.0,2.0,1.0,5.0,1060.0,20923000.0
,1.0,1.0,0.0,1.0,1.0,1.0,,350.0,3967000.0
Luxury,3.0,2.0,2.0,2.0,4.0,3.0,2.0,2300.0,33431000.0
Premium,2.0,,1.0,1.0,2.0,2.0,-2.0,1350.0,14819000.0
Luxury,4.0,5.0,1.0,2.0,3.0,2.0,,2510.0,54120000.0
Luxury,3.0,2.0,1.0,1.0,2.0,2.0,10.0,1730.0,39643000.0
Luxury,4.0,5.0,2.0,2.0,4.0,3.0,-1.0,2640.0,49064000.0
Premium,2.0,2.0,1.0,1.0,2.0,1.0,0.0,1140.0,20011000.0
Premium,3.0,2.0,1.0,1.0,2.0,1.0,12.0,1450.0,24857000.0
Premium,3.0,2.0,1.0,1.0,2.0,2.0,-1.0,1630.0,21519000.0
Economy,1.0,1.0,0.0,,1.0,1.0,5.0,330.0,3169000.0
Economy,1.0,1.0,0.0,1.0,1.0,1.0,,330.0,2575000.0
Economy,1.0,1.0,,1.0,1.0,1.0,-1.0,340.0,3027000.0
,,1.0,1.0,1.0,,2.0,0.0,1180.0,12547000.0
Economy,1.0,2.0,0.0,1.0,1.0,1.0,,360.0,3646000.0
Economy,1.0,1.0,0.0,1.0,1.0,1.0,5.0,360.0,3478000.0
Premium,2.0,1.0,1.0,,2.0,2.0,10.0,1170.0,
Economy,1.0,1.0,0.0,1.0,1.0,1.0,8.0,320.0,3557000.0
Ultra Luxury,5.0,6.0,1.0,,4.0,2.0,15.0,3450.0,54865000.0
Economy,1.0,1.0,0.0,1.0,1.0,1.0,8.0,340.0,2916000.0
Luxury,3.0,,2.0,2.0,4.0,2.0,8.0,2180.0,30697000.0
Luxury,4.0,3.0,1.0,1.0,2.0,2.0,,2320.0,33954000.0
Ultra Luxury,5.0,4.0,3.0,2.0,5.0,3.0,8.0,3480.0,65859000.0
Premium,3.0,2.0,1.0,1.0,2.0,2.0,-1.0,1710.0,21972000.0
Economy,1.0,,0.0,1.0,1.0,0.0,10.0,,2849000.0
Ultra Luxury,6.0,5.0,2.0,2.0,4.0,,12.0,3720.0,65442000.0
Ultra Luxury,4.0,3.0,3.0,,5.0,2.0,0.0,3040.0,71901000.0
Ultra Luxury,5.0,4.0,3.0,1.0,4.0,3.0,12.0,3530.0,59623000.0
Premium,2.0,1.0,1.0,1.0,2.0,1.0,,1160.0,8311000.0
Economy,1.0,1.0,0.0,1.0,1.0,1.0,2.0,310.0,2502000.0
Economy,1.0,1.0,0.0,1.0,1.0,,10.0,360.0,2828000.0
Luxury,4.0,3.0,2.0,1.0,3.0,2.0,8.0,2490.0,
Luxury,4.0,3.0,,1.0,3.0,3.0,12.0,2580.0,48387000.0
Ultra Luxury,6.0,5.0,1.0,2.0,3.0,3.0,2.0,3740.0,69142000.0
Luxury,3.0,2.0,,2.0,4.0,2.0,2.0,2030.0,32283000.0
Ultra Luxury,4.0,3.0,,2.0,4.0,2.0,2.0,2770.0,49362000.0
Economy,1.0,1.0,0.0,1.0,1.0,1.0,15.0,350.0,3136000.0
Premium,,,,1.0,2.0,1.0,2.0,1160.0,11637000.0
Economy,1.0,1.0,0.0,1.0,1.0,1.0,-1.0,340.0,
Economy,1.0,1.0,0.0,1.0,1.0,1.0,-1.0,390.0,2869000.0
Premium,3.0,2.0,1.0,1.0,2.0,2.0,10.0,1500.0,22943000.0
Luxury,4.0,3.0,2.0,1.0,3.0,2.0,-2.0,2460.0,40414000.0
Luxury,4.0,5.0,1.0,2.0,3.0,2.0,,2540.0,44471000.0
Ultra Luxury,4.0,3.0,1.0,3.0,4.0,3.0,2.0,3150.0,70066000.0
Economy,1.0,1.0,0.0,1.0,1.0,1.0,15.0,310.0,3875000.0
Economy,1.0,2.0,0.0,1.0,1.0,1.0,-2.0,360.0,4252000.0
Economy,1.0,1.0,0.0,1.0,1.0,1.0,-1.0,360.0,3983000.0
Premium,2.0,1.0,1.0,1.0,,2.0,,,16051000.0
,5.0,4.0,3.0,1.0,4.0,3.0,-1.0,3380.0,72792000.0
Premium,,2.0,1.0,1.0,2.0,2.0,10.0,1110.0,20482000.0
Luxury,4.0,3.0,1.0,2.0,3.0,2.0,2.0,2400.0,40971000.0
Luxury,4.0,3.0,1.0,2.0,3.0,3.0,2.0,2430.0,45706000.0
Economy,1.0,1.0,0.0,1.0,,1.0,0.0,360.0,4185000.0
Premium,2.0,1.0,1.0,1.0,2.0,2.0,,1200.0,21717000.0
Ultra Luxury,4.0,4.0,2.0,2.0,4.0,3.0,10.0,2850.0,53744000.0
Economy,1.0,1.0,0.0,1.0,1.0,1.0,10.0,330.0,3384000.0
Luxury,3.0,2.0,2.0,1.0,3.0,2.0,8.0,2200.0,33618000.0
Ultra Luxury,4.0,5.0,3.0,2.0,5.0,4.0,15.0,3060.0,60646000.0
Economy,1.0,1.0,0.0,1.0,1.0,1.0,8.0,370.0,3031000.0
Premium,3.0,,1.0,1.0,2.0,1.0,,1510.0,
,1.0,1.0,0.0,1.0,1.0,1.0,-1.0,340.0,2907000.0
Luxury,4.0,3.0,1.0,2.0,3.0,2.0,-2.0,2330.0,29639000.0
Premium,2.0,1.0,1.0,1.0,2.0,2.0,5.0,1120.0,17417000.0
Economy,1.0,1.0,0.0,1.0,1.0,1.0,15.0,350.0,3808000.0
Premium,3.0,,1.0,1.0,2.0,1.0,-2.0,1540.0,19877000.0
Economy,1.0,1.0,,1.0,1.0,1.0,-1.0,340.0,4240000.0
Economy,1.0,1.0,0.0,1.0,1.0,1.0,8.0,340.0,3062000.0
Economy,1.0,1.0,0.0,1.0,1.0,1.0,-1.0,,
Luxury,3.0,2.0,2.0,1.0,3.0,2.0,8.0,2100.0,31973000.0
Ultra Luxury,4.0,3.0,3.0,2.0,5.0,3.0,-1.0,3110.0,58671000.0
Economy,1.0,1.0,0.0,1.0,1.0,1.0,5.0,360.0,4015000.0
Economy,1.0,1.0,0.0,,1.0,1.0,2.0,290.0,
Economy,1.0,1.0,0.0,1.0,1.0,1.0,0.0,360.0,3440000.0
Luxury,4.0,3.0,,1.0,3.0,1.0,2.0,2380.0,39299000.0
Premium,2.0,1.0,,1.0,2.0,2.0,8.0,1150.0,17801000.0
Economy,1.0,1.0,0.0,1.0,1.0,1.0,2.0,340.0,4239000.0
Economy,1.0,1.0,0.0,1.0,,1.0,-1.0,380.0,2598000.0
Premium,3.0,2.0,1.0,1.0,2.0,1.0,-1.0,1440.0,14346000.0
Luxury,3.0,2.0,2.0,2.0,4.0,3.0,-2.0,2280.0,32826000.0
Luxury,3.0,,,1.0,3.0,3.0,0.0,2170.0,42901000.0
Luxury,4.0,3.0,1.0,2.0,3.0,2.0,2.0,2260.0,39154000.0
Luxury,4.0,5.0,1.0,1.0,2.0,2.0,-1.0,2300.0,46881000.0
Ultra Luxury,5.0,6.0,2.0,3.0,5.0,3.0,2.0,,86020000.0
Premium,3.0,2.0,1.0,1.0,2.0,2.0,2.0,1670.0,26528000.0
Luxury,3.0,,2.0,2.0,4.0,2.0,2.0,2060.0,36303000.0
Premium,3.0,2.0,1.0,1.0,2.0,2.0,15.0,1640.0,23683000.0
Economy,1.0,,0.0,1.0,1.0,1.0,12.0,380.0,4392000.0
Premium,2.0,1.0,1.0,1.0,2.0,2.0,5.0,1190.0,20433000.0
,1.0,2.0,0.0,1.0,1.0,1.0,-1.0,330.0,2571000.0
Premium,3.0,2.0,1.0,1.0,2.0,1.0,12.0,1500.0,25204000.0
Premium,2.0,1.0,,,2.0,1.0,-1.0,1120.0,18175000.0
,1.0,1.0,0.0,1.0,1.0,1.0,8.0,350.0,3289000.0
Economy,1.0,2.0,0.0,1.0,1.0,,-2.0,330.0,4059000.0
Economy,1.0,2.0,0.0,1.0,1.0,,-1.0,380.0,3917000.0
Luxury,,3.0,2.0,1.0,3.0,2.0,0.0,2420.0,52982000.0
Luxury,4.0,5.0,2.0,2.0,4.0,1.0,-1.0,2330.0,25455000.0
Economy,1.0,1.0,,1.0,1.0,1.0,-1.0,350.0,
,2.0,2.0,1.0,1.0,2.0,1.0,2.0,1230.0,13695000.0
Premium,2.0,2.0,1.0,1.0,2.0,2.0,8.0,1220.0,17351000.0
,3.0,3.0,1.0,1.0,2.0,1.0,0.0,1520.0,19189000.0
Economy,1.0,1.0,0.0,1.0,1.0,1.0,,340.0,4241000.0
Luxury,3.0,2.0,1.0,2.0,3.0,2.0,8.0,1870.0,32014000.0
Ultra Luxury,5.0,4.0,2.0,1.0,,3.0,2.0,3250.0,59478000.0
,2.0,,1.0,1.0,2.0,2.0,-2.0,1370.0,10741000.0
Premium,3.0,2.0,1.0,1.0,2.0,2.0,-2.0,,28231000.0
Luxury,4.0,3.0,2.0,2.0,4.0,2.0,5.0,2560.0,33168000.0
Premium,3.0,3.0,1.0,1.0,2.0,1.0,2.0,1360.0,10695000.0
Ultra Luxury,5.0,4.0,3.0,2.0,5.0,3.0,10.0,3410.0,
Luxury,4.0,5.0,2.0,2.0,4.0,2.0,15.0,2520.0,52153000.0
Premium,2.0,1.0,,1.0,2.0,,12.0,1230.0,12664000.0
Premium,3.0,2.0,1.0,,2.0,1.0,12.0,1480.0,15588000.0
Economy,1.0,1.0,0.0,1.0,,1.0,0.0,390.0,4881000.0
Economy,1.0,1.0,0.0,1.0,,0.0,-2.0,280.0,3728000.0
Economy,1.0,1.0,0.0,1.0,1.0,1.0,8.0,390.0,5120000.0
Ultra Luxury,6.0,5.0,1.0,3.0,4.0,3.0,5.0,3830.0,75072000.0
Luxury,4.0,5.0,2.0,1.0,3.0,2.0,10.0,2490.0,43638000.0
Luxury,3.0,2.0,1.0,2.0,3.0,2.0,,2110.0,31497000.0
Luxury,3.0,2.0,,1.0,3.0,3.0,-1.0,2160.0,23109000.0
Economy,1.0,1.0,0.0,1.0,,1.0,2.0,350.0,4709000.0
Ultra Luxury,6.0,5.0,2.0,3.0,5.0,4.0,5.0,4200.0,
Economy,1.0,1.0,0.0,1.0,1.0,1.0,2.0,330.0,3314000.0
Economy,1.0,1.0,0.0,1.0,1.0,1.0,5.0,330.0,
Premium,2.0,3.0,1.0,1.0,2.0,2.0,,1300.0,
Ultra Luxury,4.0,,2.0,2.0,4.0,3.0,5.0,,54190000.0
Premium,3.0,4.0,1.0,1.0,2.0,1.0,-1.0,1540.0,20478000.0
Premium,3.0,2.0,1.0,1.0,2.0,1.0,8.0,1400.0,29934000.0
Economy,1.0,1.0,0.0,1.0,1.0,1.0,8.0,370.0,
Economy,1.0,2.0,0.0,,1.0,1.0,-1.0,330.0,3961000.0
,1.0,,0.0,1.0,1.0,,15.0,360.0,4139000.0
Premium,3.0,4.0,1.0,,2.0,1.0,,1600.0,25083000.0
Economy,1.0,,,1.0,1.0,1.0,-1.0,330.0,3235000.0
Ultra Luxury,6.0,5.0,3.0,2.0,,3.0,-1.0,4010.0,84931000.0
Economy,1.0,1.0,0.0,,1.0,1.0,2.0,350.0,3469000.0
Ultra Luxury,5.0,4.0,1.0,1.0,2.0,2.0,-1.0,3110.0,
Economy,1.0,1.0,0.0,1.0,1.0,1.0,8.0,360.0,2525000.0
Economy,1.0,1.0,0.0,1.0,1.0,1.0,2.0,350.0,3407000.0
,1.0,,0.0,1.0,1.0,1.0,5.0,340.0,3456000.0
Economy,1.0,2.0,0.0,1.0,1.0,1.0,15.0,340.0,3432000.0
Ultra Luxury,5.0,5.0,3.0,1.0,4.0,3.0,-2.0,3410.0,48874000.0
Economy,1.0,2.0,0.0,1.0,1.0,1.0,0.0,370.0,3666000.0
Premium,2.0,1.0,1.0,1.0,2.0,2.0,-2.0,1180.0,13380000.0
Ultra Luxury,4.0,,1.0,1.0,2.0,3.0,0.0,2560.0,45101000.0
Ultra Luxury,5.0,6.0,1.0,1.0,2.0,2.0,0.0,2990.0,58158000.0
Luxury,4.0,3.0,,1.0,3.0,,15.0,2280.0,24433000.0
Ultra Luxury,4.0,3.0,1.0,,2.0,3.0,2.0,2550.0,47675000.0
Luxury,3.0,2.0,2.0,2.0,4.0,2.0,0.0,2150.0,30873000.0
Economy,1.0,1.0,,1.0,1.0,1.0,8.0,340.0,3556000.0
Economy,1.0,1.0,0.0,1.0,1.0,1.0,2.0,370.0,3480000.0
Ultra Luxury,5.0,6.0,2.0,1.0,3.0,1.0,15.0,3020.0,52895000.0
Premium,3.0,4.0,1.0,1.0,,1.0,15.0,1440.0,16987000.0
Premium,3.0,2.0,1.0,1.0,2.0,2.0,12.0,1600.0,11567000.0
Premium,3.0,2.0,1.0,1.0,2.0,2.0,5.0,,30941000.0
Ultra Luxury,6.0,5.0,1.0,2.0,,3.0,8.0,3740.0,81170000.0
Economy,1.0,2.0,0.0,1.0,1.0,1.0,15.0,370.0,3971000.0
Premium,3.0,2.0,1.0,1.0,2.0,2.0,-1.0,1620.0,15435000.0
Ultra Luxury,6.0,5.0,2.0,1.0,3.0,2.0,12.0,3770.0,69529000.0
Economy,1.0,,0.0,1.0,1.0,1.0,,360.0,3708000.0
Premium,2.0,2.0,1.0,1.0,2.0,1.0,15.0,1120.0,8589000.0
Luxury,4.0,3.0,1.0,2.0,3.0,2.0,0.0,2320.0,
Premium,3.0,2.0,,1.0,2.0,2.0,5.0,1510.0,18971000.0
Economy,1.0,,0.0,1.0,1.0,1.0,,330.0,4168000.0
Economy,1.0,1.0,0.0,1.0,1.0,1.0,,380.0,3862000.0
Luxury,4.0,5.0,1.0,2.0,3.0,2.0,,2400.0,45193000.0
Ultra Luxury,5.0,4.0,2.0,3.0,5.0,3.0,10.0,3500.0,68221000.0
Premium,2.0,1.0,1.0,1.0,2.0,1.0,2.0,1100.0,16582000.0
Luxury,4.0,3.0,1.0,2.0,3.0,1.0,2.0,2180.0,41232000.0
Economy,1.0,1.0,,1.0,1.0,1.0,2.0,370.0,4874000.0
Economy,1.0,1.0,0.0,1.0,1.0,1.0,5.0,350.0,4353000.0
,3.0,4.0,1.0,1.0,2.0,1.0,10.0,1540.0,17926000.0
Premium,2.0,1.0,1.0,1.0,,2.0,-1.0,1170.0,16562000.0
Economy,1.0,1.0,,1.0,1.0,1.0,8.0,,3839000.0
Ultra Luxury,4.0,,2.0,1.0,3.0,3.0,12.0,2800.0,57907000.0
Premium,3.0,2.0,,1.0,2.0,1.0,5.0,1590.0,34435000.0
Premium,3.0,,1.0,1.0,2.0,2.0,0.0,1600.0,10341000.0
Premium,2.0,3.0,1.0,1.0,2.0,2.0,12.0,1250.0,13472000.0
Economy,1.0,1.0,0.0,1.0,1.0,1.0,2.0,330.0,3866000.0
Economy,1.0,1.0,0.0,1.0,,1.0,-1.0,320.0,3481000.0
Economy,1.0,1.0,0.0,1.0,1.0,1.0,0.0,370.0,2938000.0
Premium,2.0,1.0,1.0,1.0,2.0,2.0,2.0,1180.0,12951000.0
Luxury,4.0,5.0,1.0,2.0,3.0,2.0,5.0,2440.0,40949000.0
Ultra Luxury,4.0,5.0,3.0,2.0,5.0,2.0,2.0,3160.0,61365000.0
,2.0,1.0,1.0,,2.0,1.0,-2.0,1120.0,22111000.0
,1.0,1.0,0.0,1.0,1.0,1.0,2.0,380.0,3360000.0
Premium,3.0,2.0,1.0,1.0,2.0,2.0,15.0,1600.0,26167000.0
Luxury,4.0,3.0,1.0,1.0,2.0,,10.0,2310.0,63342000.0
Luxury,4.0,3.0,1.0,1.0,2.0,2.0,2.0,2250.0,29541000.0
Economy,1.0,1.0,0.0,1.0,1.0,1.0,2.0,340.0,3497000.0
Premium,2.0,1.0,1.0,1.0,2.0,2.0,10.0,1320.0,18897000.0
Luxury,3.0,2.0,2.0,2.0,4.0,2.0,-2.0,,45190000.0
Economy,1.0,1.0,0.0,1.0,1.0,1.0,-1.0,340.0,4182000.0
Economy,1.0,1.0,0.0,1.0,1.0,1.0,0.0,350.0,3214000.0
Premium,2.0,1.0,1.0,1.0,2.0,2.0,,1210.0,17494000.0
Luxury,3.0,2.0,2.0,1.0,3.0,1.0,12.0,1900.0,38579000.0
Ultra Luxury,5.0,4.0,3.0,2.0,5.0,3.0,-2.0,3740.0,77681000.0
Premium,3.0,2.0,1.0,1.0,2.0,1.0,5.0,1600.0,23939000.0
Premium,3.0,2.0,1.0,1.0,2.0,1.0,8.0,1500.0,22785000.0
Premium,3.0,2.0,1.0,1.0,2.0,2.0,10.0,1630.0,29038000.0
Premium,2.0,1.0,1.0,1.0,2.0,2.0,10.0,1310.0,22547000.0
Economy,1.0,1.0,,1.0,,1.0,8.0,320.0,
Ultra Luxury,6.0,,2.0,3.0,5.0,1.0,0.0,3910.0,96357000.0
Premium,3.0,4.0,1.0,1.0,2.0,2.0,10.0,1640.0,
Premium,2.0,1.0,1.0,1.0,2.0,1.0,12.0,1040.0,17320000.0
Economy,1.0,,0.0,1.0,1.0,,5.0,330.0,3499000.0
Luxury,3.0,3.0,1.0,,2.0,2.0,-2.0,1950.0,27982000.0
Ultra Luxury,5.0,6.0,3.0,2.0,5.0,3.0,10.0,3750.0,58537000.0
Economy,,2.0,0.0,1.0,1.0,1.0,-1.0,350.0,3288000.0
Premium,3.0,,1.0,1.0,2.0,1.0,0.0,1440.0,19644000.0
Luxury,4.0,5.0,2.0,1.0,3.0,3.0,-2.0,2640.0,37192000.0
Economy,1.0,1.0,0.0,1.0,1.0,1.0,8.0,370.0,4286000.0
Premium,3.0,2.0,1.0,1.0,2.0,1.0,2.0,1570.0,27716000.0
Luxury,4.0,3.0,,2.0,4.0,3.0,2.0,2630.0,
Premium,3.0,3.0,1.0,1.0,2.0,1.0,8.0,1510.0,18679000.0
Luxury,3.0,2.0,1.0,2.0,3.0,2.0,2.0,,37073000.0
Luxury,4.0,3.0,1.0,2.0,3.0,2.0,-2.0,2370.0,48174000.0
Premium,3.0,,1.0,,2.0,1.0,-1.0,,21414000.0
Economy,1.0,1.0,0.0,1.0,1.0,1.0,0.0,370.0,3883000.0
Premium,3.0,,1.0,1.0,2.0,1.0,10.0,1410.0,11576000.0
,1.0,1.0,0.0,1.0,1.0,1.0,0.0,340.0,2002000.0
Economy,1.0,1.0,0.0,1.0,1.0,1.0,-1.0,340.0,3612000.0
Economy,1.0,1.0,0.0,1.0,1.0,1.0,15.0,320.0,3504000.0
Luxury,4.0,4.0,1.0,1.0,2.0,2.0,12.0,2170.0,19558000.0
Luxury,4.0,3.0,2.0,2.0,4.0,,0.0,2660.0,37737000.0
Economy,1.0,1.0,0.0,1.0,1.0,1.0,2.0,390.0,5055000.0
Premium,2.0,1.0,1.0,1.0,2.0,1.0,8.0,,22772000.0
Economy,1.0,1.0,0.0,1.0,1.0,1.0,5.0,340.0,3730000.0
Economy,1.0,,0.0,1.0,1.0,0.0,-2.0,300.0,4005000.0
Ultra Luxury,4.0,3.0,2.0,3.0,5.0,4.0,8.0,3160.0,59452000.0
Luxury,3.0,2.0,1.0,1.0,2.0,1.0,5.0,,31054000.0
Premium,3.0,3.0,1.0,1.0,2.0,1.0,-2.0,1370.0,14889000.0
Economy,1.0,2.0,0.0,1.0,1.0,1.0,-2.0,320.0,2948000.0
Luxury,3.0,4.0,2.0,2.0,4.0,2.0,,2340.0,51183000.0
Economy,1.0,2.0,0.0,1.0,1.0,1.0,8.0,320.0,2790000.0
Economy,1.0,1.0,,1.0,1.0,1.0,0.0,360.0,2610000.0
Premium,2.0,1.0,1.0,1.0,2.0,2.0,,1110.0,12991000.0
Premium,2.0,2.0,1.0,1.0,2.0,1.0,5.0,1130.0,12463000.0
Premium,2.0,,,1.0,2.0,1.0,2.0,1130.0,14331000.0
Economy,1.0,,0.0,1.0,,1.0,8.0,310.0,3455000.0
Economy,1.0,1.0,0.0,1.0,1.0,1.0,12.0,340.0,2897000.0
Luxury,4.0,3.0,1.0,2.0,,2.0,5.0,,39415000.0
Premium,2.0,1.0,1.0,1.0,2.0,2.0,2.0,1230.0,
Premium,3.0,2.0,1.0,1.0,2.0,1.0,,1480.0,9649000.0
Ultra Luxury,4.0,4.0,2.0,1.0,3.0,2.0,8.0,2700.0,53523000.0
Economy,1.0,1.0,0.0,1.0,1.0,1.0,12.0,340.0,
Ultra Luxury,5.0,4.0,1.0,2.0,3.0,2.0,5.0,3230.0,68001000.0
Luxury,4.0,3.0,1.0,2.0,3.0,1.0,5.0,2540.0,46968000.0
Economy,1.0,1.0,0.0,1.0,1.0,1.0,15.0,320.0,3209000.0
Luxury,4.0,3.0,1.0,2.0,3.0,2.0,,2430.0,47041000.0
Economy,1.0,1.0,0.0,1.0,1.0,1.0,0.0,370.0,3700000.0
Economy,1.0,1.0,0.0,1.0,1.0,1.0,0.0,370.0,4658000.0
Ultra Luxury,6.0,5.0,2.0,1.0,3.0,3.0,12.0,4080.0,83301000.0
Economy,1.0,1.0,0.0,1.0,,1.0,-1.0,360.0,3398000.0
Luxury,4.0,3.0,2.0,1.0,3.0,3.0,-1.0,2560.0,27651000.0
Economy,1.0,,0.0,1.0,1.0,1.0,5.0,,3563000.0
Luxury,4.0,3.0,1.0,2.0,3.0,2.0,5.0,2270.0,
Economy,1.0,1.0,0.0,1.0,1.0,1.0,2.0,330.0,3472000.0
Economy,1.0,1.0,0.0,1.0,1.0,1.0,8.0,330.0,3171000.0
Ultra Luxury,5.0,6.0,1.0,3.0,4.0,3.0,0.0,3370.0,58148000.0
Premium,3.0,2.0,1.0,1.0,2.0,2.0,10.0,1580.0,33717000.0
Luxury,3.0,3.0,1.0,2.0,3.0,2.0,0.0,1880.0,
Luxury,3.0,3.0,2.0,1.0,3.0,1.0,2.0,1900.0,37285000.0
Premium,2.0,3.0,1.0,1.0,2.0,2.0,,1180.0,21799000.0
Economy,1.0,1.0,0.0,1.0,1.0,1.0,0.0,370.0,3883000.0
,2.0,1.0,1.0,1.0,2.0,2.0,0.0,1180.0,23827000.0
Premium,2.0,2.0,1.0,1.0,2.0,1.0,2.0,1120.0,9644000.0
Premium,3.0,4.0,1.0,1.0,2.0,2.0,5.0,1720.0,21473000.0
Economy,1.0,1.0,0.0,1.0,1.0,1.0,-1.0,,4609000.0
Ultra Luxury,4.0,3.0,1.0,,4.0,,0.0,3120.0,72556000.0
,1.0,1.0,0.0,1.0,1.0,1.0,15.0,330.0,3334000.0
Economy,1.0,1.0,0.0,1.0,1.0,1.0,5.0,360.0,3995000.0
Luxury,3.0,2.0,1.0,1.0,2.0,2.0,5.0,1770.0,34351000.0
Economy,1.0,1.0,0.0,1.0,1.0,1.0,-2.0,320.0,3805000.0
Economy,1.0,1.0,0.0,1.0,,,,360.0,3483000.0
Economy,1.0,1.0,0.0,1.0,1.0,1.0,-2.0,370.0,4400000.0
Economy,1.0,,0.0,,1.0,0.0,-2.0,250.0,1989000.0
Premium,3.0,,1.0,1.0,2.0,2.0,0.0,1500.0,17092000.0
Ultra Luxury,6.0,5.0,1.0,3.0,4.0,,8.0,4280.0,85050000.0
Ultra Luxury,5.0,4.0,1.0,3.0,4.0,2.0,5.0,3490.0,
Economy,,1.0,0.0,1.0,,1.0,0.0,330.0,3581000.0
Economy,1.0,1.0,0.0,1.0,1.0,1.0,2.0,330.0,4528000.0
Premium,3.0,2.0,1.0,1.0,2.0,2.0,2.0,1600.0,
Economy,1.0,1.0,0.0,1.0,1.0,1.0,2.0,390.0,4842000.0
Economy,1.0,1.0,0.0,1.0,1.0,1.0,2.0,360.0,3750000.0
Luxury,3.0,2.0,1.0,2.0,3.0,2.0,10.0,1970.0,38420000.0
Economy,1.0,1.0,0.0,1.0,1.0,1.0,12.0,350.0,3206000.0
Luxury,4.0,3.0,2.0,1.0,3.0,2.0,-2.0,,38771000.0
Premium,2.0,3.0,1.0,1.0,2.0,2.0,-1.0,1240.0,21165000.0
,3.0,,2.0,2.0,4.0,2.0,-1.0,2240.0,35718000.0
Economy,1.0,1.0,0.0,1.0,1.0,,8.0,320.0,3208000.0
Economy,1.0,1.0,0.0,1.0,1.0,1.0,8.0,340.0,4033000.0
Economy,1.0,1.0,0.0,1.0,1.0,1.0,8.0,350.0,2823000.0
Economy,1.0,1.0,0.0,1.0,1.0,,2.0,390.0,4992000.0
Luxury,4.0,,2.0,1.0,,2.0,2.0,2320.0,24971000.0
Premium,3.0,4.0,1.0,1.0,2.0,2.0,8.0,1720.0,11510000.0
Luxury,3.0,2.0,1.0,2.0,,2.0,5.0,1970.0,22503000.0
Economy,1.0,1.0,0.0,1.0,1.0,1.0,2.0,320.0,3250000.0
Ultra Luxury,5.0,4.0,3.0,1.0,4.0,3.0,2.0,3520.0,67850000.0
Economy,1.0,1.0,0.0,1.0,1.0,1.0,2.0,320.0,3174000.0
Economy,1.0,1.0,0.0,1.0,1.0,1.0,2.0,360.0,4017000.0
Economy,1.0,1.0,,1.0,1.0,1.0,,350.0,3529000.0
,1.0,1.0,0.0,1.0,1.0,1.0,2.0,310.0,4995000.0
Luxury,3.0,,2.0,2.0,4.0,2.0,,2040.0,29932000.0
Economy,1.0,2.0,0.0,1.0,1.0,1.0,5.0,370.0,4235000.0
Luxury,4.0,3.0,2.0,2.0,4.0,2.0,8.0,2320.0,43784000.0
Premium,3.0,2.0,1.0,1.0,2.0,1.0,2.0,1700.0,29222000.0
Ultra Luxury,5.0,4.0,2.0,1.0,3.0,3.0,,,66210000.0
Luxury,4.0,3.0,2.0,,4.0,3.0,5.0,2700.0,46561000.0
Economy,1.0,1.0,0.0,1.0,1.0,1.0,,350.0,4118000.0
Premium,2.0,1.0,1.0,1.0,2.0,2.0,15.0,1320.0,17377000.0
Luxury,4.0,3.0,2.0,,3.0,3.0,2.0,2370.0,27157000.0
Premium,3.0,2.0,,1.0,2.0,,-2.0,1670.0,28739000.0
Premium,3.0,2.0,1.0,1.0,2.0,1.0,8.0,,19356000.0
Luxury,4.0,5.0,1.0,2.0,3.0,2.0,0.0,2400.0,
Premium,3.0,3.0,1.0,1.0,,2.0,2.0,1550.0,19417000.0
Premium,3.0,4.0,1.0,1.0,2.0,0.0,0.0,1420.0,33380000.0
Economy,1.0,1.0,0.0,1.0,1.0,1.0,10.0,350.0,
Premium,2.0,1.0,1.0,1.0,2.0,2.0,-2.0,1230.0,15793000.0
Luxury,4.0,3.0,1.0,1.0,2.0,2.0,10.0,2400.0,47133000.0
Economy,1.0,2.0,0.0,1.0,1.0,1.0,-2.0,390.0,4867000.0
Economy,1.0,1.0,0.0,1.0,1.0,1.0,12.0,330.0,
Premium,2.0,1.0,1.0,1.0,2.0,1.0,,1240.0,14700000.0
Economy,1.0,1.0,0.0,1.0,1.0,1.0,2.0,310.0,
Luxury,4.0,3.0,1.0,1.0,2.0,3.0,-1.0,2310.0,46762000.0
Luxury,4.0,3.0,2.0,1.0,3.0,2.0,0.0,2570.0,53195000.0
Premium,2.0,1.0,1.0,1.0,2.0,2.0,0.0,1220.0,17591000.0
,1.0,1.0,0.0,1.0,1.0,1.0,2.0,380.0,4314000.0
